,vel_y,vel_x,vel_theta,calculated_theta,calculated_y,calculated_x,ideal_y,ideal_x,time,ideal_theta
0,0.0,0.0,0.1,0.00643342137187,0.000950929965049,-7.67673585139e-06,0.000263638067561,-9.93077768245e-05,227914000000,0.00793080573621
1,0.0,0.0,0.1,0.00643342137187,0.000950929965049,-7.67673585139e-06,0.000263638067561,-9.93077768245e-05,227914000000,0.00793080573621
2,0.0,0.0,0.15,0.0172569737009,-0.000398325630865,0.000758923115073,0.000203099397037,3.3587962017e-06,227914000000,0.0210173843008
3,0.0,0.0,0.2,0.0397628949955,-0.00261330075607,0.000794468608297,0.000241169207397,0.000288642276066,227914000000,0.039047148295
4,0.0,0.0,0.25,0.0596793305024,-0.00164341640104,-0.00277597735429,0.00013090079513,0.000236581548357,227914000000,0.0622921779328
5,0.0,0.0,0.3,0.0933519346825,-0.00204398259323,-0.00463739013501,0.000333880700474,0.000247412743077,227914000000,0.0904402697877
6,0.0,0.0,0.35,0.129661658954,-0.00520899000235,-0.00706574826875,0.000587914657492,0.000340200378817,227914000000,0.12320090331
7,0.0,0.0,0.4,0.171998236579,-0.00396531246981,-0.00645841496131,0.000455218743405,0.000211736157809,227914000000,0.161710697858
8,0.0,0.0,0.45,0.217551474131,0.000655248375828,-0.00738026595423,0.000711551452038,0.000212740617107,227914000000,0.204869203956
9,0.0,0.0,0.5,0.262708991832,0.00189905553844,-0.00567989055777,0.000869645318123,0.00016865465022,227914000000,0.252984354062
10,0.0,0.0,0.5,0.30997509416,0.00472389490952,-0.00360930506748,0.00102099427479,0.000325258190951,227914000000,0.302731885853
11,0.0,0.0,0.5,0.360236986909,0.00545751448049,-0.00276551234659,0.00093970074621,0.000348783504114,227914000000,0.352892042211
12,0.0,0.0,0.5,0.410939636757,0.00920296688673,0.000826687280611,0.00108514451368,0.00029636579479,227914000000,0.403573350597
13,0.0,0.0,0.5,0.455619803891,0.0097031291303,0.00123668687971,0.00105757383122,0.000251035872685,227914000000,0.45333391653
14,0.0,0.0,0.5,0.51441034852,0.00925898424836,0.00258585987584,0.0011129985753,0.000193558487083,227914000000,0.503068286142
15,0.0,0.0,0.5,0.565190280682,0.0120804416283,0.00154135806996,0.00118671975726,0.000271971299288,227914000000,0.552958936682
16,0.0,0.0,0.5,0.625771322836,0.0109535439132,0.00141087580415,0.001114966216,0.000284921172865,227914000000,0.602863311858
17,0.0,0.0,0.5,0.682307969073,0.0113081459444,0.00281241989108,0.00115948529949,0.000236182020296,227914000000,0.652930450494
18,0.0,0.0,0.5,0.72017231248,0.0113463812,0.00283971199363,0.00108833091888,0.000308816938755,227914000000,0.703732567374
19,0.0,0.0,0.5,0.769539435118,0.0109393741087,0.00303900341066,0.00104002844218,0.000284155771288,227914000000,0.753634910233
20,0.0,0.0,0.5,0.819010197841,0.0107927525277,0.00281808371012,0.00103557957546,0.000315163574349,227914000000,0.803502122081
21,0.0,0.0,0.5,0.869683734062,0.0124969377261,0.00341857251029,0.000992710576153,0.000166467637798,227914000000,0.853363761645
22,0.0,0.0,0.5,0.920804114921,0.0106910926722,0.00251448944275,0.000756655238774,0.000301641594872,227914000000,0.9032761753
23,0.0,0.0,0.5,0.972296351272,0.0114642963345,0.00180997493061,0.000658629770325,0.000217633583419,227914000000,0.953105352492
24,0.0,0.0,0.5,1.01922925211,0.0130018255021,0.00189362624337,0.000650548074079,0.000248719757747,227914000000,1.00287304625
25,0.0,0.0,0.5,1.06755087661,0.0128181334237,0.00254232724149,0.0006153682847,8.92814381094e-05,227914000000,1.05288558296
26,0.0,0.0,0.5,1.1211860835,0.0117230627809,0.00177864668832,0.000504334397148,3.4275653713e-05,227914000000,1.10299140726
27,0.0,0.0,0.5,1.1731933908,0.014004196715,0.00238833870727,0.000663028068886,-0.000221434242838,227914000000,1.15286757954
28,0.0,0.0,0.5,1.22475764778,0.0128832070595,-0.000911989272981,0.000654834431011,-0.000183033426551,227914000000,1.20291216199
29,0.0,0.0,0.5,1.27333840742,0.0148622240654,-0.000688375276536,0.000337330929321,-0.000181502987245,227914000000,1.25229282591
30,0.0,0.0,0.5,1.32478846786,0.013073729027,-0.00228600286112,0.000341938990872,-0.000162725842827,227914000000,1.30265011159
31,0.0,0.0,0.5,1.37262714566,0.0108832633202,0.000407094209627,0.000203250788316,-0.000324637501462,227914000000,1.3524838657
32,0.0,0.0,0.5,1.42872020606,0.0130873922969,0.00220714743881,0.000228962049974,-0.000309237813603,227914000000,1.40241005468
33,0.0,0.0,0.5,1.47898616928,0.0125367150292,0.00114039505504,3.11855709513e-05,-0.00055489866946,227914000000,1.45265601169
34,0.0,0.0,0.5,1.50798867288,0.011819712048,0.00315558294182,0.000194590599074,-0.000461140987579,227914000000,1.50300302282
35,0.0,0.0,0.5,1.55436952893,0.00729234545317,0.00421506113474,-7.63627356232e-05,-0.000375632909179,227914000000,1.55289362476
36,0.0,0.0,0.5,1.6156851437,0.0050895488536,0.00632678102422,-0.000292038798612,-0.000585613569224,227914000000,1.60260661546
37,0.0,0.0,0.5,1.65987649545,0.00550487520484,0.00736191229382,-0.00018827511585,-0.000655652609163,227914000000,1.65257039079
38,0.0,0.0,0.5,1.70808949885,0.00893928855693,0.00750545651911,3.3729074751e-05,-0.000755019303531,227914000000,1.70289450962
39,0.0,0.0,0.5,1.75692096616,0.00940393722199,0.00636326311693,-7.07972834244e-05,-0.000811180100692,227914000000,1.75260263447
40,0.0,0.0,0.5,1.80996482951,0.00781172298203,0.0037846604714,-2.98197722813e-05,-0.000776846765425,227914000000,1.80265953062
41,0.0,0.0,0.0,1.8270646267,0.0093059773248,0.00553777486576,5.51206680656e-05,-0.00078994095608,227914000000,1.82983627428
42,0.0,0.0,0.05,1.8271022924,0.00929574516911,0.00552835844856,4.5621661542e-05,-0.000798628028442,227914000000,1.82987114983
43,0.0,0.0,0.1,1.83316146028,0.00807642634308,0.00621603355493,1.59178550491e-05,-0.000891833631393,227914000000,1.83782394542
44,0.0,0.0,0.15,1.84940961853,0.00923785876141,0.00764605438455,1.24180530259e-05,-0.000669044156286,227914000000,1.84964736126
45,0.0,0.0,0.2,1.87541993777,0.00856529929871,0.00733049003868,0.000133752221444,-0.00059355308686,227914000000,1.86713404098
46,0.0,0.0,0.25,1.90741910661,0.00818206477242,0.00709331481567,0.000176224033767,-0.000630943102041,227914000000,1.88999923979
47,0.0,0.0,0.3,1.93764487083,0.00879695043015,0.00500281342575,-9.08261661666e-05,-0.000701291040871,227914000000,1.91754150411
48,0.0,0.0,0.35,1.9699026267,0.0112572322911,0.00710290450717,-0.000215360582599,-0.000647176306972,227914000000,1.94993935125
49,0.0,0.0,0.4,2.00056380861,0.0120351093755,0.00765396172311,-0.000204411846676,-0.000532691511893,227914000000,1.98784297888
50,0.0,0.0,0.45,2.04369948896,0.0108977432803,0.00806343021999,-0.000434471784662,-0.000640006046849,227914000000,2.03058354685
51,0.0,0.0,0.5,2.07552462298,0.01190046022,0.00674213872949,-0.000346212922281,-0.000708526678798,227914000000,2.07777845299
52,0.0,0.0,0.5,2.1264572439,0.012908915151,0.00693000169131,-0.000521730392598,-0.000775199355791,227914000000,2.12779823369
53,0.0,0.0,0.5,2.18048889033,0.0109486933844,0.00640797651049,-0.00057137350878,-0.000849082271224,227914000000,2.1781934306
54,0.0,0.0,0.5,2.21728394539,0.011941213406,0.00631092191544,-0.000658799849985,-0.000770961204434,227914000000,2.22797792453
55,0.0,0.0,0.5,2.27420618505,0.00999938899621,0.00422097197593,-0.000563990888679,-0.000808249835521,227914000000,2.27814677751
56,0.0,0.0,0.5,2.32932765143,0.00963173734468,0.00425233989385,-0.00062599186462,-0.000745227152436,227914000000,2.32805585745
57,0.0,0.0,0.5,2.3797863273,0.00989086782593,0.00398141753579,-0.000654937374622,-0.000759497822363,227914000000,2.37804235161
58,0.0,0.0,0.5,2.4302424845,0.00856971213797,0.00140584308176,-0.000652409595094,-0.000563576711769,227914000000,2.42799035254
59,0.0,0.0,0.5,2.48161304092,0.00985593695786,0.00322583408927,-0.00073502533438,-0.000305235347328,227914000000,2.47786375773
60,0.0,0.0,0.5,2.5301389932,0.0105968654572,0.00344330497067,-0.00069274669615,-0.000104713084156,227914000000,2.52766502654
61,0.0,0.0,0.5,2.58065601882,0.0096627435641,0.00177926477155,-0.000824309284192,-5.66273012815e-05,227914000000,2.57766610313
62,0.0,0.0,0.5,2.63361416787,0.011331034229,0.00101572839428,-0.000828636030601,-0.000179842723284,227914000000,2.62781747587
63,0.0,0.0,0.5,2.68837949081,0.0127651053423,0.00191656866062,-0.000991696767138,-0.000471291047493,227914000000,2.67749714762
64,0.0,0.0,0.5,2.74091315849,0.0119004744529,0.00190558000691,-0.000850743719446,-0.000384499997722,227914000000,2.727363604
65,0.0,0.0,0.5,2.79218023243,0.0124557643386,0.00206171650325,-0.000927102870146,-0.000234813123421,227914000000,2.77732969654
66,0.0,0.0,0.5,2.84553131542,0.0124190527015,0.00192465131418,-0.00100327773065,-0.000265148304597,227914000000,2.82725606513
67,0.0,0.0,0.5,2.90112380014,0.0137427710245,0.0026389717131,-0.00107973798624,-0.000130221278919,227914000000,2.8772569385
68,0.0,0.0,0.5,2.93037231722,0.0146929472206,-0.000735681108768,-0.00115771813897,-7.99221609007e-05,227914000000,2.92756651812
69,0.0,0.0,0.5,2.99346248834,0.0136623178978,-0.000489914675636,-0.00130989112806,-0.000329803236511,227914000000,2.97718647874
70,0.0,0.0,0.5,3.0425817817,0.0106309752247,-0.00132183644396,-0.00122823874793,-0.000244867587603,227914000000,3.02715766901
71,0.0,0.0,0.5,3.09500667127,0.00852216434644,-0.000836914578202,-0.00129503820563,-0.000336876318319,227914000000,3.07695791543
72,0.0,0.0,0.5,3.14090782739,0.0043033491778,-0.000614318456233,-0.00120095214125,-0.000369673693732,227914000000,3.12679001667
73,0.0,0.0,0.5,-3.09289327381,0.00562796948518,0.00272402815934,-0.00113113326395,-0.000138869889445,227914000000,-3.10623481786
74,0.0,0.0,0.5,-3.0356661746,0.00748412245165,0.00668042017934,-0.00135024574119,-0.000266152251843,227914000000,-3.05517622719
75,0.0,0.0,0.5,-2.98775878279,0.0118695578907,0.00574722786619,-0.00160020239228,-7.31845034906e-05,227914000000,-3.00582233654
76,0.0,0.0,0.5,-2.93865258389,0.0145031569502,0.00522695513093,-0.00167832849363,6.07285146405e-05,227914000000,-2.95600005891
77,0.0,0.0,0.5,-2.88914052299,0.0176004106259,0.00436910700005,-0.00165278382816,0.000100536370623,227914000000,-2.90545376213
78,0.0,0.0,0.5,-2.8359976071,0.0191778328244,0.00368771997081,-0.00183253231967,8.15019534088e-05,227914000000,-2.85564172365
79,0.0,0.0,0.5,-2.7877343814,0.0217209226995,0.00414790066365,-0.00192271841548,0.000212938365559,227914000000,-2.80553436181
80,0.0,0.0,0.5,-2.74422350269,0.0210235048318,0.00363568132535,-0.00201842461227,0.000357764212094,227914000000,-2.75571601749
81,0.0,0.0,0.5,-2.68783174357,0.0206960233097,0.00154076863545,-0.00215354647998,0.000313693456325,227914000000,-2.70552323952
82,0.0,0.0,0.5,-2.63523687439,0.0192738532137,0.00136967644207,-0.00202648200446,0.000230727239332,227914000000,-2.65507021524
83,0.0,0.0,0.5,-2.58286062533,0.0203566580971,0.0021480680577,-0.00207611024586,0.000372004083738,227914000000,-2.60538815881
84,0.0,0.0,0.5,-2.53842349787,0.0199418906254,0.00174583287026,-0.00209520580659,0.000433746433387,227914000000,-2.55534063494
85,0.0,0.0,0.5,-2.50280296767,0.0198249879056,0.0010887949322,-0.00218874423477,0.000331325922018,227914000000,-2.50473320699
86,0.0,0.0,0.0,-2.47165229969,0.0202854778934,0.0017392770143,-0.00233304693119,0.00021340305566,227914000000,-2.46835469613
87,0.0,0.0,0.05,-2.47165229969,0.0202854949682,0.00173942074112,-0.00233345654979,0.000208475206154,227914000000,-2.46834509973
88,0.0,0.0,0.1,-2.46447586562,0.0201122935724,0.00148691093455,-0.00233897572849,0.000191757891657,227914000000,-2.46211288185
89,0.0,0.0,0.15,-2.44922516574,0.0202749138424,0.00187081037977,-0.00232827811326,0.000191190941802,227914000000,-2.45067420741
90,0.0,0.0,0.2,-2.4272585169,0.0205671823571,0.00152866574322,-0.00234010648351,0.00019080308688,227914000000,-2.43431689471
91,0.0,0.0,0.25,-2.40144847837,0.0203195707785,0.00137228456125,-0.00232545346349,0.000189450443418,227914000000,-2.41297109944
92,0.0,0.0,0.3,-2.37261785894,0.0205697337945,0.00191804605061,-0.00233384028882,0.000200283205414,227914000000,-2.38658743351
93,0.0,0.0,0.35,-2.34007484045,0.0205037851893,0.00180467861189,-0.00232890410993,0.000197311812198,227914000000,-2.35516967053
94,0.0,0.0,0.4,-2.30298969713,0.021017813091,0.00161726963963,-0.0022985567644,0.00018396778647,227914000000,-2.31878521796
95,0.0,0.0,0.45,-2.26223882526,0.020209906269,-9.04995068024e-05,-0.00235188109011,0.00017974670296,227914000000,-2.27748891043
96,0.0,0.0,0.5,-2.2164899667,0.0188221199297,0.00168820394568,-0.00236402299372,0.000275945973266,227914000000,-2.23125090419
97,0.0,0.0,0.5,-2.1675889293,0.0188291032489,0.00071553963268,-0.00228868039464,0.000378362047372,227914000000,-2.18153214965
98,0.0,0.0,0.5,-2.11756356151,0.0201799195459,0.0016953963254,-0.00227615671622,0.000368902075827,227914000000,-2.13156843496
99,0.0,0.0,0.5,-2.07010542555,0.0189678414534,0.00375042172833,-0.00225562991089,0.000510360869716,227914000000,-2.08141212621
100,0.0,0.0,0.5,-2.01294183051,0.01797068128,0.00282598360514,-0.00207220432324,0.00038026591103,227914000000,-2.03198292522
101,0.0,0.0,0.5,-1.95764904894,0.018429291638,0.0061491209682,-0.00186957967282,0.000600872362862,227914000000,-1.98193699699
102,0.0,0.0,0.5,-1.91989717013,0.0200557164867,0.0043868358328,-0.0017743048319,0.000641372877376,227914000000,-1.93185470641
103,0.0,0.0,0.5,-1.86901999741,0.0213522029975,0.00294681966495,-0.00181075822129,0.000820855656486,227914000000,-1.88151658308
104,0.0,0.0,0.5,-1.82087428208,0.0184539101846,0.00187845133722,-0.001607971116,0.000898597131001,227914000000,-1.83213061196
105,0.0,0.0,0.5,-1.77960636217,0.017296388613,0.00505632481127,-0.00154864395091,0.000860148229203,227914000000,-1.78172733658
106,0.0,0.0,0.5,-1.73126367331,0.0174995068872,0.00856587896258,-0.00164155665743,0.000856427888081,227914000000,-1.73191851902
107,0.0,0.0,0.5,-1.67573896372,0.0161729907106,0.0118015599482,-0.00168791569591,0.000959964603548,227914000000,-1.68146122009
108,0.0,0.0,0.5,-1.62069234068,0.0158473046327,0.0141838556502,-0.00194763851424,0.00093248078277,227914000000,-1.63172193037
109,0.0,0.0,0.5,-1.57087619008,0.0181626102135,0.0123499619154,-0.00212331558776,0.00107984303676,227914000000,-1.58183758792
110,0.0,0.0,0.5,-1.52487208367,0.0135935523894,0.0129419640947,-0.00203174324867,0.000949971456354,227914000000,-1.53177599756
111,0.0,0.0,0.5,-1.4750153264,0.0123533731485,0.0159276692068,-0.0021317513116,0.0011269430984,227914000000,-1.48173848802
112,0.0,0.0,0.5,-1.42161774774,0.0104177765918,0.0151607979277,-0.00218877679051,0.00123085426256,227914000000,-1.43172021843
113,0.0,0.0,0.5,-1.36484330895,0.0107820016014,0.0139164068797,-0.00213480737569,0.00142074458806,227914000000,-1.38157100043
114,0.0,0.0,0.5,-1.31223169273,0.0116933751775,0.0125751837797,-0.0019843677958,0.00129969190522,227914000000,-1.33189766361
115,0.0,0.0,0.5,-1.25214543706,0.0142503649288,0.0111854574356,-0.00196160852915,0.0014910655944,227914000000,-1.28152425889
116,0.0,0.0,0.5,-1.20628337685,0.0134882819525,0.0151346326419,-0.0017002195695,0.00151369756916,227914000000,-1.2317167194
117,0.0,0.0,0.5,-1.15961579718,0.0141920336227,0.0175482432919,-0.00183100712822,0.00146801743107,227914000000,-1.18139082923
118,0.0,0.0,0.5,-1.1188312625,0.0120281421471,0.0156610223237,-0.00163251303836,0.00145653753073,227914000000,-1.13123162438
119,0.0,0.0,0.5,-1.080309021,0.0107204746224,0.0156300964923,-0.00155854914613,0.0013631155782,227914000000,-1.08166151609
120,0.0,0.0,0.5,-1.03903003858,0.0130674653848,0.0179443962533,-0.00143115686904,0.00127816919248,227914000000,-1.03115151626
121,0.0,0.0,0.5,-0.998903201581,0.0161836037794,0.0189551727017,-0.00134655719676,0.00125370847137,227914000000,-0.980653707867
122,0.0,0.0,0.5,-0.949979982866,0.0158289960855,0.0170742279078,-0.00131939125798,0.00133408979662,227914000000,-0.930217246497
123,0.0,0.0,0.5,-0.893825634184,0.015036262208,0.0194676851741,-0.00142917051962,0.00125723123669,227914000000,-0.881087168622
124,0.0,0.0,0.5,-0.840237475995,0.0180561704299,0.0203433473298,-0.00136661663662,0.00130398197712,227914000000,-0.830705641163
125,0.0,0.0,0.5,-0.78942716422,0.017660660114,0.019106548556,-0.00136891863384,0.00114966247308,227914000000,-0.781075329238
126,0.0,0.0,0.5,-0.739548905384,0.0156959607443,0.0210148117186,-0.00118641513155,0.00102516133719,227914000000,-0.731097189558
127,0.0,0.0,0.5,-0.688922020272,0.0179368199728,0.0212213668899,-0.00105082954873,0.000895963701229,227914000000,-0.681231190119
128,0.0,0.0,0.5,-0.637541955411,0.0177652107763,0.019573309365,-0.00107024866272,0.000652748794666,227914000000,-0.631395751288
129,0.0,0.0,0.5,-0.586549158713,0.0147413082445,0.0202929576688,-0.00118145230498,0.000748253409668,227914000000,-0.581478439418
130,0.0,0.0,0.5,-0.538367978745,0.015273397269,0.0186815729376,-0.00126325621394,0.000761970505378,227914000000,-0.53167244952
131,0.0,0.0,0.5,-0.491513097838,0.014480109033,0.0190052878857,-0.0010289728421,0.000587831674899,227914000000,-0.481301759197
132,0.0,0.0,0.5,-0.442153974697,0.0156366517461,0.0177506191876,-0.000850263951837,0.000590409899539,227914000000,-0.432037295739
133,0.0,0.0,0.5,-0.385684158565,0.0127483296434,0.0175271624122,-0.000959458010111,0.000478139794402,227914000000,-0.381803425484
134,0.0,0.0,0.5,-0.333575673017,0.0135205275934,0.0187939641018,-0.000828356713266,0.000448121922191,227914000000,-0.331733373805
135,0.0,0.0,0.5,-0.280049890976,0.015554416004,0.0176703119332,-0.00096526607486,0.000366470072609,227914000000,-0.281592648858
136,0.0,0.0,0.5,-0.250839257423,0.0152010956357,0.0166225060481,-0.00100223216978,0.000551025648909,227914000000,-0.231489166731
137,0.0,0.0,0.0,-0.199048839045,0.0167437887514,0.0138439262877,-0.00101389157407,0.000542716333711,227914000000,-0.182394722169
138,0.0,0.0,-0.05,-0.198830468989,0.0166479488787,0.0139091680948,-0.000959809452703,0.000466876517313,227914000000,-0.181193414708
139,0.0,0.0,-0.1,-0.20131599275,0.016855793816,0.0143250345692,-0.000975558200606,0.000452614963303,227914000000,-0.183850210776
140,0.0,0.0,-0.15,-0.209639868444,0.0157241269588,0.0137066046438,-0.000898837839231,0.00061232275405,227914000000,-0.193718291497
141,0.0,0.0,-0.2,-0.223827645667,0.0158468012565,0.0136605538969,-0.000985125930953,0.000537751756994,227914000000,-0.208783281798
142,0.0,0.0,-0.25,-0.24193221124,0.0180135606772,0.013538803808,-0.00111105447163,0.000390567021478,227914000000,-0.228543098142
143,0.0,0.0,-0.3,-0.268756879606,0.0174621362758,0.0144449150393,-0.00102356596062,0.000503753158324,227914000000,-0.253713138553
144,0.0,0.0,-0.35,-0.300893674806,0.0189978273198,0.0132734573224,-0.000908584208744,0.000460484547535,227914000000,-0.284000116903
145,0.0,0.0,-0.4,-0.323282761208,0.0184361657705,0.0111488454715,-0.000822008366406,0.000439014096331,227914000000,-0.318666703476
146,0.0,0.0,-0.45,-0.37271585764,0.0187530170961,0.0104831041812,-0.000894486535243,0.000566221741399,227914000000,-0.359691127875
147,0.0,0.0,-0.5,-0.421592278612,0.0162229518672,0.0103452240086,-0.000719960858914,0.000710314098235,227914000000,-0.404680658161
148,0.0,0.0,-0.5,-0.475752489127,0.0169835187818,0.0104272264677,-0.000787382929885,0.000733036975668,227914000000,-0.454712199895
149,0.0,0.0,-0.5,-0.522337459347,0.0140595258589,0.013036678774,-0.000833195259931,0.000851016859326,227914000000,-0.50497949079
150,0.0,0.0,-0.5,-0.56905662099,0.0151047928559,0.0127004144224,-0.000841059544717,0.00109196417636,227914000000,-0.554591540717
151,0.0,0.0,-0.5,-0.626357329781,0.0170116432715,0.0132526078491,-0.000711548963017,0.00111469956454,227914000000,-0.605061653285
152,0.0,0.0,-0.5,-0.673477354759,0.0167158263153,0.0147556566529,-0.00075469758515,0.00133808610649,227914000000,-0.654826310648
153,0.0,0.0,-0.5,-0.703322835381,0.0168963886666,0.0142607659153,-0.000620485906714,0.00127369274662,227914000000,-0.705051786432
154,0.0,0.0,-0.5,-0.763058550267,0.0159040488068,0.0119384587314,-0.000675818279338,0.00130516954629,227914000000,-0.754697578117
155,0.0,0.0,-0.5,-0.81481127682,0.015789375311,0.0124168630772,-0.000652174793032,0.00129127830355,227914000000,-0.804912185145
156,0.0,0.0,-0.5,-0.864942968682,0.0129464148111,0.0125485597311,-0.00068098552861,0.00126995855323,227914000000,-0.854840419596
157,0.0,0.0,-0.5,-0.915930479428,0.0142755418398,0.0106756674782,-0.000528566983793,0.00122137717433,227914000000,-0.904597331143
158,0.0,0.0,-0.5,-0.965895816058,0.01193679656,0.010759393503,-0.000491607120356,0.00126306696787,227914000000,-0.954630113309
159,0.0,0.0,-0.5,-1.01752109898,0.0138281278102,0.0105792594872,-0.000617441383588,0.00141161120514,227914000000,-1.00428260408
160,0.0,0.0,-0.5,-1.06648006158,0.0120165304224,0.00999346147937,-0.000606041327955,0.00148802601712,227914000000,-1.05451002036
161,0.0,0.0,-0.5,-1.12022697134,0.0130582027391,0.0119832712422,-0.00060967218418,0.00151411268256,227914000000,-1.10439207117
162,0.0,0.0,-0.5,-1.17417395983,0.0104906528858,0.0122503954427,-0.000833621579253,0.00146069477825,227914000000,-1.15418943471
163,0.0,0.0,-0.5,-1.22681780933,0.0108633864224,0.00878617378759,-0.00104422544461,0.00133916472727,227914000000,-1.20409554353
164,0.0,0.0,-0.5,-1.28241962678,0.0141015805131,0.0083842566039,-0.00106278730765,0.00153358820455,227914000000,-1.25446196713
165,0.0,0.0,-0.5,-1.32485603898,0.0162363826981,0.0128830556004,-0.00134716294074,0.0014253437016,227914000000,-1.30456573002
166,0.0,0.0,-0.5,-1.37508772759,0.0137360828289,0.0153684203866,-0.00127885751955,0.00129464267294,227914000000,-1.35401908734
167,0.0,0.0,-0.5,-1.42291443145,0.0110674159406,0.0137180980626,-0.00144271048099,0.00129877177511,227914000000,-1.40409738666
168,0.0,0.0,-0.5,-1.46992192807,0.00956555105757,0.0142682702439,-0.00133187719559,0.00141133643025,227914000000,-1.45398521143
169,0.0,0.0,-0.5,-1.52356675265,0.00985764338226,0.0158546556964,-0.00144364407606,0.00143191661708,227914000000,-1.50394106687
170,0.0,0.0,-0.5,-1.55466355602,0.00989164795606,0.0184669931451,-0.0014619823109,0.00146505576378,227914000000,-1.55372437881
171,0.0,0.0,-0.5,-1.62554715008,0.0111127965661,0.0165438904463,-0.00140146766498,0.00152745525966,227914000000,-1.60373306629
172,0.0,0.0,-0.5,-1.67548868731,0.0118175526503,0.0191535847578,-0.00163774454326,0.00128276011805,227914000000,-1.65440793961
173,0.0,0.0,-0.5,-1.73090507518,0.00998757990097,0.0182740117114,-0.00157654161216,0.00131492174579,227914000000,-1.70397788892
174,0.0,0.0,-0.5,-1.77612232507,0.00610570864047,0.0179032879057,-0.00180950485327,0.00121045012277,227914000000,-1.75419903084
175,0.0,0.0,-0.5,-1.83404177871,0.00962156513107,0.0184633164277,-0.00188591385117,0.00122178669481,227914000000,-1.80434702451
176,0.0,0.0,-0.5,-1.88718063586,0.0111438547724,0.017740202369,-0.00219412018601,0.001215493659,227914000000,-1.85481557143
177,0.0,0.0,-0.5,-1.95038596603,0.0114039901511,0.0181352728119,-0.00217425496598,0.00138020188379,227914000000,-1.90466328434
178,0.0,0.0,-0.5,-1.99535803546,0.00963324649677,0.0198549147251,-0.00227982561078,0.00115347311791,227914000000,-1.95442018045
179,0.0,0.0,-0.5,-2.04031754315,0.0096738141425,0.0188632460123,-0.00244588477384,0.00141524794048,227914000000,-2.00396902292
180,0.0,0.0,-0.5,-2.09808628091,0.0096661906667,0.0192128540465,-0.00247090495181,0.00142503486345,227914000000,-2.05469361249
181,0.0,0.0,0.0,-2.09808628091,0.0096662957984,0.0192128597402,-0.00244586780402,0.0014974224062,227914000000,-2.06318517381
182,0.0,0.0,-0.05,-2.10249411413,0.00896670674676,0.0191175527754,-0.00242677775831,0.00144360928792,227914000000,-2.06576493536
183,0.0,0.0,-0.1,-2.10967426097,0.00914681220441,0.0196593579358,-0.0024437493191,0.00154776475582,227914000000,-2.07487445548
184,0.0,0.0,-0.15,-2.11702853709,0.0103440738718,0.0187595374969,-0.00240833221469,0.00155616463079,227914000000,-2.08931252328
185,0.0,0.0,-0.2,-2.1455544077,0.0100533363265,0.0184070065996,-0.00240446879032,0.00152132137088,227914000000,-2.10821895849
186,0.0,0.0,-0.25,-2.16720729745,0.00953219891083,0.0200190313962,-0.00244709430449,0.00147398725644,227914000000,-2.13243186609
187,0.0,0.0,-0.3,-2.20251920326,0.00993485761475,0.0184473931576,-0.00247542925867,0.00155344982822,227914000000,-2.16072033015
188,0.0,0.0,-0.35,-2.2222104876,0.0113204976269,0.0208030526634,-0.00245773737665,0.00150551679297,227914000000,-2.1956064019
189,0.0,0.0,-0.4,-2.26594948931,0.0104067292375,0.0205519080501,-0.00253296367288,0.00147237763758,227914000000,-2.23496977396
190,0.0,0.0,-0.45,-2.30597780202,0.0131274744003,0.0221376547468,-0.0025683794357,0.00162970215453,227914000000,-2.27895104674
191,0.0,0.0,-0.5,-2.35486581137,0.0139912637341,0.0238198499081,-0.00261802975197,0.00156518428226,227914000000,-2.32793189875
192,0.0,0.0,-0.5,-2.40608495559,0.0135615299109,0.0238199538429,-0.00260457215594,0.00158062384528,227914000000,-2.37790291163
193,0.0,0.0,-0.5,-2.45787630622,0.013805917321,0.0266271663857,-0.00260156638127,0.00154420556434,227914000000,-2.42782740295
194,0.0,0.0,-0.5,-2.50913995212,0.0124857650402,0.0247584061876,-0.00243162356064,0.00165840088772,227914000000,-2.47775839729
195,0.0,0.0,-0.5,-2.56165919056,0.0134583840399,0.0246441832346,-0.00242750479005,0.00163941512233,227914000000,-2.52759379845
196,0.0,0.0,-0.5,-2.61198313258,0.0120249516593,0.0252348305789,-0.00246362638964,0.00151194641586,227914000000,-2.57734232664
197,0.0,0.0,-0.5,-2.66105900358,0.0132079351371,0.0272509045548,-0.00233817923521,0.00154169070269,227914000000,-2.62748146896
198,0.0,0.0,-0.5,-2.70884640259,0.0108191149472,0.0258654123176,-0.00214128707775,0.00136810927746,227914000000,-2.67711132355
199,0.0,0.0,-0.5,-2.76231496702,0.0106686155349,0.0231397033251,-0.00206466404847,0.00138923080389,227914000000,-2.72730129668
200,0.0,0.0,-0.5,-2.81547880386,0.010402223388,0.0202199603443,-0.00209581912447,0.00151708707601,227914000000,-2.77732036759
201,0.0,0.0,-0.5,-2.86351532767,0.0123279225381,0.0199101519769,-0.0019943464192,0.00149353425832,227914000000,-2.82693596483
202,0.0,0.0,-0.5,-2.9181076179,0.0119548950907,0.0215078227009,-0.00206006509875,0.00146863618844,227914000000,-2.87731267618
203,0.0,0.0,-0.5,-2.97188843686,0.0135531221105,0.0232104900231,-0.00211444756796,0.00140629323755,227914000000,-2.92716605096
204,0.0,0.0,-0.5,-3.02488259201,0.0138766076606,0.025081193405,-0.00241923595785,0.00134117540724,227914000000,-2.97708665156
205,0.0,0.0,-0.5,-3.05858014229,0.0118756584143,0.0255696030669,-0.00204537212443,0.00127468260097,227914000000,-3.02668224275
206,0.0,0.0,-0.5,-3.10564774455,0.00888150550462,0.023723228482,-0.00223222307027,0.00117199309987,227914000000,-3.07714188117
207,0.0,0.0,-0.5,3.12786996264,0.00506452892417,0.0237968040756,-0.00228332076253,0.00110152022924,227914000000,-3.12719811114
208,0.0,0.0,-0.5,3.08241007996,0.00418231101378,0.024478631262,-0.00229289852096,0.00095177663432,227914000000,3.10658355119
209,0.0,0.0,-0.5,3.04408319989,0.00628845045752,0.0234786887457,-0.00218777280236,0.00109805085049,227914000000,3.05554715686
210,0.0,0.0,-0.5,2.9931239749,0.00868061272524,0.0211377925542,-0.00230674123952,0.000956223720087,227914000000,3.00554667304
211,0.0,0.0,-0.5,2.94264178788,0.00974143112827,0.0217850932782,-0.0024284935087,0.000814019162088,227914000000,2.95598282663
212,0.0,0.0,-0.5,2.89701551862,0.0123594445171,0.0220291266147,-0.00230553213682,0.000683138085648,227914000000,2.9058280515
213,0.0,0.0,-0.5,2.84787996071,0.0110448464766,0.0245564748066,-0.00221739647105,0.000610206372615,227914000000,2.85595361384
214,0.0,0.0,-0.5,2.78840015817,0.0144675500827,0.0270256033769,-0.00222041440647,0.000438081790504,227914000000,2.80525734091
215,0.0,0.0,-0.5,2.74077601176,0.0148491021579,0.0237319825164,-0.00244947137969,0.000233851398136,227914000000,2.75583598415
216,0.0,0.0,-0.5,2.68886054331,0.0157197994234,0.0254842647857,-0.00243323471457,0.000184213210878,227914000000,2.70598710897
217,0.0,0.0,-0.5,2.62768357476,0.0142402691965,0.0267022079292,-0.00238278418996,0.000353564605744,227914000000,2.65500867269
218,0.0,0.0,-0.5,2.58423740409,0.0159196396339,0.0270647174719,-0.00231090782288,0.000183072868991,227914000000,2.60528908067
219,0.0,0.0,-0.5,2.52684190361,0.01567659302,0.0264725199008,-0.0023613349791,0.000102049848205,227914000000,2.5550031229
220,0.0,0.0,-0.5,2.4802821188,0.0168693203188,0.0260032266849,-0.00235194186052,-7.29681337065e-05,227914000000,2.50501245681
221,0.0,0.0,-0.5,2.43450146657,0.0158104515048,0.0268616228228,-0.00231710067157,-0.000143539998603,227914000000,2.45519273608
222,0.0,0.0,-0.5,2.3960819113,0.0165521111042,0.0280440511739,-0.00233162456211,-0.000124652855948,227914000000,2.4054028446
223,0.0,0.0,-0.5,2.34165474805,0.0154107908112,0.0283192289144,-0.00243196887203,-9.42363450731e-05,227914000000,2.35533598779
224,0.0,0.0,-0.5,2.29093714313,0.015086370434,0.0269225851435,-0.00250978807023,-6.84170672314e-05,227914000000,2.30530866661
225,0.0,0.0,-0.5,2.24009569349,0.0174433729958,0.0257919411226,-0.002470866916,3.65588897312e-05,227914000000,2.25544734218
226,0.0,0.0,-0.5,2.1887631436,0.015997270424,0.028406542233,-0.00253905197672,-7.54166946107e-05,227914000000,2.20552534929
227,0.0,0.0,0.0,2.15745944149,0.0169464308031,0.0268936409258,-0.00242275974552,-0.00010498787376,227914000000,2.17716100676
228,0.0,0.0,-0.05,2.15744978662,0.0169513853598,0.026894518006,-0.00240678560667,-0.000100531310579,227914000000,2.17704932704
229,0.0,0.0,-0.1,2.14816036006,0.0181579268522,0.0266196049183,-0.00248610564984,-7.69196764919e-05,227914000000,2.1693013175
230,0.0,0.0,-0.15,2.13420214601,0.0175462550965,0.0275510393922,-0.00237811170144,2.88199519593e-05,227914000000,2.15704337805
231,0.0,0.0,-0.2,2.1136927152,0.0187633515237,0.029009230959,-0.0023613783323,9.7998911225e-05,227914000000,2.13943311518
232,0.0,0.0,-0.25,2.08819209911,0.0177955321461,0.0321814223194,-0.00236751286231,6.63907364224e-05,227914000000,2.11738441363
233,0.0,0.0,-0.3,2.057205677,0.0174295653606,0.0325071542724,-0.00236378420756,6.43061563583e-05,227914000000,2.0900527913
234,0.0,0.0,-0.35,2.02218774751,0.019117593289,0.0314003461981,-0.00242182792875,0.000144173181102,227914000000,2.05774988188
235,0.0,0.0,-0.4,1.9859272766,0.0219768657701,0.0330010872245,-0.00233658090526,-7.22453195745e-07,227914000000,2.02081795355
236,0.0,0.0,-0.45,1.93907743856,0.0237491952662,0.0340251913564,-0.00241797762254,4.17942701016e-05,227914000000,1.97845511579
237,0.0,0.0,-0.5,1.89754359803,0.0276828692674,0.0352150908358,-0.00228101848258,5.40051149202e-05,227914000000,1.9310006704
238,0.0,0.0,-0.5,1.86689350208,0.0297219850737,0.034843560966,-0.00232646290047,0.000100865361399,227914000000,1.88132450612
239,0.0,0.0,-0.5,1.81713787299,0.0295272511775,0.0331776118262,-0.00226560670397,0.000106764022047,227914000000,1.83140897811
240,0.0,0.0,-0.5,1.75943763713,0.0299113477339,0.033936234145,-0.00234391387109,0.000100610198163,227914000000,1.781628136
241,0.0,0.0,-0.5,1.71068327859,0.0313371439567,0.0324398789602,-0.00231722337984,0.000123644340729,227914000000,1.73124359969
242,0.0,0.0,-0.5,1.65750811208,0.0322633276489,0.0295534246175,-0.00208156661561,0.000442182212274,227914000000,1.68176896621
243,0.0,0.0,-0.5,1.60598995137,0.0309841315052,0.0275596185383,-0.00214994654164,0.000452736834742,227914000000,1.63191796886
244,0.0,0.0,-0.5,1.55997058102,0.027981806984,0.0272825801282,-0.00241068782664,0.000291263826956,227914000000,1.58134535199
245,0.0,0.0,-0.5,1.51387741839,0.027120341208,0.0285941688382,-0.00245226462583,0.000416606944112,227914000000,1.53153181743
246,0.0,0.0,-0.5,1.45737591717,0.0260494627118,0.0289128449259,-0.00234993624914,0.000353149353446,227914000000,1.48156035111
247,0.0,0.0,-0.5,1.40651886268,0.0256111681601,0.0300520487835,-0.00223110315133,0.000318398240391,227914000000,1.43121662543
248,0.0,0.0,-0.5,1.35922009239,0.0239116463701,0.0313779425087,-0.00220950581464,0.000473635746,227914000000,1.38133423626
249,0.0,0.0,-0.5,1.31864925912,0.025119305283,0.0335399334825,-0.00228663007421,0.000437173929305,227914000000,1.33163875638
250,0.0,0.0,-0.5,1.26839240879,0.0261225040781,0.0336168014376,-0.00201570785088,0.000434757743316,227914000000,1.28126064351
251,0.0,0.0,-0.5,1.21069876571,0.0260862183263,0.0336239208968,-0.00185747976923,0.000547265025,227914000000,1.23102612902
252,0.0,0.0,-0.5,1.16011352087,0.026907366566,0.0334313880714,-0.00180726652535,0.000558943468038,227914000000,1.1810491983
253,0.0,0.0,-0.5,1.11596636166,0.0273581544704,0.0336938447394,-0.00190019875769,0.000448688370789,227914000000,1.13098084196
254,0.0,0.0,-0.5,1.04891059072,0.0276493623764,0.0351386516396,-0.00201760649125,0.00053933697819,227914000000,1.08107642205
255,0.0,0.0,-0.5,1.01353918901,0.0281104173557,0.0346419537478,-0.00186042417168,0.000523980538073,227914000000,1.03051420795
256,0.0,0.0,-0.5,0.9650566124,0.0275704274951,0.0346236804848,-0.00170017409549,0.000649586582717,227914000000,0.981134387419
257,0.0,0.0,-0.5,0.920269376159,0.0262215060778,0.0344994098913,-0.00158805436257,0.000563350445354,227914000000,0.930598227757
258,0.0,0.0,-0.5,0.868047133834,0.0240830771842,0.0316018055885,-0.00139058786103,0.000466282341266,227914000000,0.88074126557
259,0.0,0.0,-0.5,0.815256739127,0.0210894749311,0.0301755216901,-0.00141799048462,0.000484448434809,227914000000,0.83042262074
260,0.0,0.0,-0.5,0.762840661072,0.0203100049677,0.0290116382469,-0.0014418642372,0.000428645007113,227914000000,0.780722242788
261,0.0,0.0,-0.5,0.712030289889,0.0186936466879,0.0290258496912,-0.00144483501026,0.000344986392447,227914000000,0.730688586831
262,0.0,0.0,-0.5,0.660336849403,0.0173464301861,0.0267684365616,-0.00157103089091,0.000381266941193,227914000000,0.680862631372
263,0.0,0.0,-0.5,0.608577592043,0.0176762419413,0.0291908261641,-0.00148030937825,0.00044564395087,227914000000,0.630941322012
264,0.0,0.0,-0.5,0.554598009995,0.0162566144639,0.0261388206835,-0.0016035943813,0.000418236338807,227914000000,0.580889970096
265,0.0,0.0,-0.5,0.506390114145,0.018459663337,0.025164250088,-0.00148877950738,0.000619750531784,227914000000,0.53125350551
266,0.0,0.0,-0.5,0.460548896828,0.0175700463966,0.0288721854842,-0.00149495011225,0.00059073158558,227914000000,0.481219901792
267,0.0,0.0,-0.5,0.410711885275,0.0128900576602,0.029441518713,-0.00143001363335,0.000629642891119,227914000000,0.431192030337
268,0.0,0.0,-0.5,0.360911348719,0.0108175645098,0.0297104722808,-0.00152578896182,0.000846757104218,227914000000,0.381298359694
269,0.0,0.0,-0.5,0.312203499998,0.0144575006862,0.0293188028433,-0.00166548770439,0.000856474329852,227914000000,0.331491266187
270,0.0,0.0,-0.5,0.262713669939,0.0168349349914,0.0260452140423,-0.00169612593504,0.000550665421427,227914000000,0.281388989873
271,0.0,0.0,-0.5,0.230586418301,0.0129407440238,0.0253422937859,-0.00163456427401,0.000807693268504,227914000000,0.230990437415
272,0.0,0.0,0.0,0.187592482515,0.0131519225165,0.024227497359,-0.00168215999653,0.000956975837907,227914000000,0.192552091817
273,0.0,0.0,0.0,0.187592482515,0.013151951823,0.0242274485327,-0.00168213206736,0.000956928964196,227914000000,0.192552092524
274,0.0,0.0,0.0,0.187592482515,0.0131519709287,0.0242274199883,-0.00168211367471,0.000956901288104,227914000000,0.192552093373
275,0.0,0.0,0.0,0.187592482515,0.0131519841811,0.0242274036953,-0.00168210080024,0.000956885315875,227914000000,0.19255209487
276,0.0,0.0,0.0,0.187592482515,0.0131519937712,0.0242273946788,-0.00168209140983,0.000956876364497,227914000000,0.192552096408
277,0.0,0.0,0.0,0.187592482515,0.0131520019686,0.0242273903243,-0.00168208337338,0.000956871965495,227914000000,0.192552098763
278,0.0,0.0,0.0,0.187592482515,0.013152010969,0.0242273896301,-0.00168207458948,0.000956871091925,227914000000,0.192552103035
279,0.0,0.0,0.0,0.187592482515,0.0131520191765,0.024227390552,-0.00168206650069,0.000956871860379,227914000000,0.192552107406
280,0.0,0.0,0.0,0.187592482515,0.0131520359803,0.0242273950957,-0.00168205171746,0.000956875661027,227914000000,0.192552117553
281,0.0,0.0,0.0,0.187592482515,0.0131520552551,0.0242274024648,-0.00168203286023,0.000956882628528,227914000000,0.192552124693
282,0.0,0.0,0.0,0.187592482515,0.0131520747329,0.02422741061,-0.00168201370575,0.000956890487892,227914000000,0.19255212941
283,0.0,0.0,0.0,0.187592482515,0.0131520940832,0.0242274189396,-0.00168199467899,0.000956898538884,227914000000,0.19255213409
284,0.0,0.0,0.0,0.187592482515,0.0131521133487,0.0242274273761,-0.00168197573854,0.000956906702424,227914000000,0.192552138744
285,0.0,0.0,0.0,0.187592482515,0.0131521325526,0.024227435872,-0.00168195685991,0.000956914929905,227914000000,0.192552143379
286,0.0,0.0,0.0,0.187592482515,0.0131521517123,0.0242274443998,-0.00168193802707,0.000956923192141,227914000000,0.192552148006
287,0.0,0.0,0.0,0.187592482515,0.0131521708358,0.0242274529413,-0.0016819192297,0.00095693147116,227914000000,0.192552152633
288,0.0,0.0,0.0,0.187592482515,0.013152189929,0.0242274614862,-0.00168190046255,0.000956939755436,227914000000,0.19255215726
289,0.0,0.0,0.0,0.187592482515,0.0131522026434,0.0242274671819,-0.00168188172155,0.000956948038696,227914000000,0.192552161891
290,0.0,0.0,0.0,0.187592482515,0.0131522216931,0.0242274757204,-0.0016818630053,0.000956956316686,227914000000,0.192552166523
291,0.0,0.0,0.0,0.187592482515,0.0131522407178,0.0242274842511,-0.00168184431317,0.000956964587125,227914000000,0.192552171151
292,0.0,0.0,0.0,0.187592482515,0.01315225972,0.0242274927737,-0.00168182564327,0.000956972849764,227914000000,0.192552175781
293,0.0,0.0,0.0,0.187592482515,0.0131522786973,0.0242275012861,-0.00168180699673,0.000956981102955,227914000000,0.192552180407
294,0.0,0.0,0.0,0.187592482515,0.0131522976506,0.0242275097884,-0.00168178837334,0.000956989346556,227914000000,0.192552185028
295,0.0,0.0,0.0,0.187592482515,0.0131523165796,0.0242275182804,-0.00168176977303,0.000956997580464,227914000000,0.192552189641
296,0.0,0.0,0.0,0.187592482515,0.0131523354844,0.024227526762,-0.0016817511957,0.000957005804592,227914000000,0.192552194249
297,0.0,0.0,0.0,0.187592482515,0.0131523543657,0.0242275352332,-0.00168173264123,0.000957014018838,227914000000,0.192552198851
298,0.0,0.0,0.0,0.187592482515,0.0131523732209,0.0242275436911,-0.00168171410957,0.000957022222984,227914000000,0.192552203448
299,0.0,0.0,0.0,0.187592482515,0.0131523920559,0.0242275521415,-0.00168169560029,0.000957030417341,227914000000,0.192552208039
300,0.0,0.0,0.0,0.187592482515,0.013152410867,0.024227560581,-0.00168167711369,0.000957038601453,227914000000,0.192552212626
301,0.0,0.0,0.0,0.187592482515,0.0131524296558,0.0242275690103,-0.0016816586494,0.000957046775413,227914000000,0.192552217209
302,0.0,0.0,0.0,0.187592482515,0.0131524484202,0.0242275774283,-0.00168164020766,0.000957054939112,227914000000,0.192552221787
303,0.0,0.0,0.0,0.187592482515,0.0131524671619,0.0242275858358,-0.00168162178823,0.000957063092625,227914000000,0.192552226361
304,0.0,0.0,0.0,0.187592482515,0.0131524858804,0.0242275942326,-0.0016816033912,0.000957071235936,227914000000,0.19255223093
